id,first_name,last_name,idade,peso,altura
1,Burnard,Throssell,58,77,117
2,Brit,Upfold,48,102,167
3,Gustie,Kinnard,35,77,155
4,Washington,Ionnisian,40,62,195
5,Joel,Thorogood,26,76,157
6,Neall,Rubinowitsch,70,67,187
7,Patrick,Patroni,33,95,179
8,Halette,Squibbes,56,77,139
9,Monro,Minchinden,46,69,185
10,Ruperto,Kindell,39,55,158
11,Cherye,Ronchka,21,67,142
12,Nickey,Howgego,51,89,165
13,Laurie,Cheng,42,54,173
14,Theodore,Fairhead,53,70,146
15,Rutter,Giordano,58,51,134
16,Homere,Tuxell,38,57,133
17,Roxana,Milillo,48,59,155
18,Prinz,Luten,52,92,179
19,Curcio,Tremellan,36,82,172
20,Leeland,Sabattier,36,114,161
21,Harwell,Gartenfeld,26,85,189
22,Jeannette,Shuker,45,61,181
23,Malinde,Ilem,34,40,175
24,Jocelyn,Kiraly,62,57,183
25,Marabel,Bowmer,27,66,181
26,Lidia,Fairs,46,64,162
27,Tamarra,Dienes,65,51,179
28,Nert,Besset,58,72,192
29,Garv,Neumann,48,74,181
30,Melinda,Pawling,41,62,164
31,Roxana,Lyon,38,87,160
32,Terri,Rait,23,52,163
33,Hilliard,Heaney,36,50,173
34,Ferdy,Greenlees,62,63,179
35,Eugenio,Kirkland,25,107,176
36,Avrit,Dillestone,36,73,136
37,Jayme,Laxen,50,82,159
38,Shurlocke,Bonafant,67,84,158
39,Alvira,Izakoff,34,54,143
40,Clair,Halbeard,42,80,176
41,Peirce,McFetrich,23,52,179
42,Felicdad,McMurdo,32,67,177
43,Ardis,Acreman,38,58,144
44,Ella,Macconachy,56,18,170
45,Bil,Halburton,56,49,196
46,Celesta,Jopson,36,54,151
47,Aymer,Dellenbach,46,79,160
48,Calv,Lyddiatt,38,79,135
49,Evvy,Jeroch,54,48,174
50,Cyndi,Cancellario,59,58,167
51,Marley,Atwel,56,32,180
52,Knox,Fortnum,41,54,176
53,Delphine,Matyja,50,88,173
54,Sileas,Heaford,53,51,176
55,Drake,Sharpin,53,42,167
56,Aimee,Ranaghan,54,82,181
57,Ruddie,MacQuaker,55,95,161
58,Clemence,Gavaghan,38,86,163
59,Aura,Durman,30,46,166
60,Anthia,Setch,27,75,210
61,Clarance,Cornelisse,60,87,188
62,Townie,Casiroli,62,68,173
63,Cal,Browell,52,64,153
64,Boyd,Spragge,59,84,168
65,Ollie,Erdes,34,64,174
66,Lorettalorna,Barczewski,59,60,153
67,Freda,Rainard,51,68,198
68,Ina,Edmondson,49,65,167
69,Gaelan,Resdale,42,74,171
70,Yorke,Reihill,45,68,137
71,Anni,de Savery,73,119,174
72,Theodoric,McCarrick,21,55,162
73,Cristine,Lefever,47,69,144
74,Alexandros,Vallis,58,57,148
75,Raychel,Jose,68,69,177
76,Levin,Froment,7,72,177
77,Ermentrude,Ciccoloi,36,51,180
78,Simone,Baudry,58,55,177
79,Kienan,Ethelstone,47,66,194
80,Stanwood,Poole,37,48,119
81,Orbadiah,Jurewicz,48,34,163
82,Hershel,Salvadori,24,62,186
83,Johnnie,Murrison,39,81,170
84,Tiff,Astlet,61,92,172
85,Vinson,Foulgham,22,54,163
86,Galina,Bunker,41,63,156
87,Kania,Bonder,18,51,163
88,Abramo,Brabyn,88,43,157
89,Dione,Bamling,57,42,115
90,Garv,Casiroli,55,91,182
91,Ingeborg,Raye,49,63,216
92,Quillan,Kershaw,15,83,140
93,Adrianna,McGeorge,43,61,184
94,Angelico,Nesby,71,59,180
95,Levy,Imlacke,39,85,157
96,Anette,Yarwood,9,54,162
97,Merilyn,Stollwerk,71,81,142
98,Evangelin,Lamborne,45,82,158
99,Doloritas,Crees,46,63,139
100,Kristine,Seamer,52,38,168
101,Karmen,Lardier,55,16,177
102,Ardene,Tregent,36,70,136
103,Ev,Farris,58,63,165
104,Cristi,McIlmorow,65,84,183
105,Iorgos,Nichols,57,68,184
106,Westley,Jenkyn,19,71,168
107,Nickolas,Frandsen,50,46,177
108,Janean,Tinker,45,72,190
109,Tadd,Alfwy,38,90,165
110,Lucina,Towner,37,69,149
111,Leontyne,Gronaver,14,58,178
112,Derek,Sliney,50,67,159
113,Benton,Zmitruk,23,82,180
114,Carling,Rosenstein,66,22,212
115,Ingram,Eykelbosch,52,78,154
116,Chlo,Hartin,38,84,194
117,Levin,Glaves,34,114,160
118,Mellisent,Currington,67,83,172
119,Jelene,Pomeroy,45,54,139
120,Teresa,Mathon,17,92,182
121,Lina,Pennrington,26,82,179
122,Rhett,Randleson,59,49,175
123,Pierette,Hawkin,37,57,179
124,Ricky,MacAlpyne,60,60,179
125,Dannel,Itzkovwich,62,91,195
126,Delaney,Veschambre,63,55,183
127,Delcine,Arnault,29,62,176
128,Bianca,Geffinger,67,53,175
129,Moyra,Pain,26,58,200
130,Christie,Edghinn,42,57,166
131,Joye,Urlich,36,46,147
132,Lorrie,Churching,54,57,183
133,Meta,Meys,41,86,161
134,Maryanne,Hallut,25,58,119
135,Yalonda,Estcourt,13,70,185
136,Wilow,Martino,46,40,171
137,Marget,Pratton,20,92,159
138,Mechelle,Taylo,39,51,185
139,Shandeigh,Pavek,64,85,175
140,Jasper,Aspinall,38,68,173
141,Jolie,Sainsberry,36,72,199
142,Ignacio,Meldon,33,48,177
143,Lorene,Addyman,25,55,176
144,Ernst,Firpo,52,78,147
145,Rory,Tirrell,46,74,159
146,Woodie,Ahlf,52,50,170
147,Shaw,Bentzen,53,64,185
148,Jean,Partkya,64,71,172
149,Evangeline,Sprasen,38,66,177
150,Codie,Dellar,17,86,150
151,Ingelbert,Petschel,35,75,168
152,Allsun,Gyurko,14,85,149
153,Chandra,L'oiseau,36,71,171
154,Silvester,Reckus,45,65,175
155,Jeanie,Burrel,48,38,163
156,Lezley,Gornar,42,66,184
157,Tisha,Marchetti,36,85,162
158,Persis,Gissop,41,48,185
159,Lelah,Ropking,28,75,180
160,Gretal,Mulqueen,57,40,177
161,Brandtr,Ferryman,30,84,182
162,Bradford,Colpus,38,46,192
163,Dyanna,Poundesford,27,31,144
164,Louise,Mateja,55,81,160
165,Tully,Clarabut,41,41,177
166,Hana,Alliban,48,91,172
167,Herbert,Pinshon,28,51,183
168,Bobby,Whanstall,34,32,148
169,Rosalinda,Raspison,75,74,175
170,Christian,MacFadzan,33,104,192
171,Margi,Faudrie,26,64,181
172,Gabriela,Bangle,26,58,157
173,Margret,Farrar,39,76,143
174,Wilbert,Tuite,65,61,171
175,Rusty,Kohneke,78,87,160
176,Bernice,Tripony,38,54,186
177,Marja,Rewcassell,43,94,165
178,Coralie,Sudell,57,46,153
179,Merlina,Larkins,67,56,196
180,Sam,McKane,39,63,154
181,Drusy,Linwood,84,79,148
182,Shaina,Whittington,73,92,137
183,Blake,Ferminger,40,94,205
184,Ardella,Corless,43,86,146
185,Efrem,Bayless,35,78,198
186,Barbey,Cumber,39,69,123
187,Nessy,Goldes,45,86,159
188,Eirena,Nassy,35,62,171
189,Ariela,Seger,63,106,163
190,Norine,Allday,46,86,193
191,Albrecht,Shreenan,45,34,201
192,Carlina,Steadman,35,37,154
193,Bern,Fleeming,35,65,169
194,Ettore,Drewes,41,98,164
195,Mauricio,Waymont,43,73,195
196,Andria,Bondar,72,47,143
197,Bryana,Grief,47,86,181
198,Annamarie,Ivimey,56,77,147
199,Leupold,Owthwaite,40,62,146
200,Easter,Veltman,34,70,190
201,Ursula,Rosenqvist,53,90,129
202,Roxane,Easter,44,51,156
203,Channa,Molnar,50,50,150
204,Bertha,Elsey,63,80,150
205,Filide,Maypowder,15,70,136
206,Eleni,Petrussi,56,65,205
207,Lacey,Sugar,52,50,212
208,Gianna,Goodings,80,61,159
209,Armando,Headly,40,82,189
210,August,Densumbe,21,66,154
211,Elisa,Hintzer,60,58,174
212,Reider,Heggie,87,48,186
213,Barton,Oxer,45,87,182
214,Myca,Coggen,12,58,161
215,Carissa,Goodband,12,57,171
216,Gilda,Mewitt,19,108,181
217,Wylie,McGahey,38,49,179
218,Donni,Maddyson,47,57,213
219,Melantha,Penfold,36,60,168
220,Ravi,Woolford,3,94,163
221,Babbie,Brailsford,31,65,152
222,Briano,Linggood,60,47,196
223,Krishna,Erley,39,96,166
224,Townie,Willoughby,50,76,182
225,Chelsea,Robecon,29,55,150
226,Crosby,Shirtliff,63,58,174
227,Peyton,Durrance,55,57,160
228,Salvidor,Lingley,48,76,165
229,Gayleen,Chatel,47,70,160
230,Ara,Merit,53,63,151
231,Helen-elizabeth,Wyon,34,69,193
232,Maura,Shurlock,48,90,191
233,Yuri,Hardwicke,72,70,166
234,Flem,Bridle,12,59,177
235,Hurlee,Leroux,39,79,163
236,Erica,Shepcutt,44,41,163
237,Dehlia,Beamiss,35,61,116
238,Raul,Jonas,40,26,179
239,Berkie,Saleway,67,72,188
240,Jaine,Rossi,77,74,176
241,Avril,Haskur,57,96,181
242,Tine,Lalor,70,97,173
243,Maryjane,Siemandl,48,52,160
244,Bogey,Stothart,42,79,185
245,Priscilla,Olliff,40,54,151
246,Adina,Houten,71,85,172
247,Barn,Towers,61,61,138
248,Roby,Rapp,37,94,177
249,Aprilette,Purcell,60,73,172
250,Electra,Jizhaki,27,89,161
251,Ethelin,McIlvaney,58,93,192
252,Tarra,Clampton,35,78,145
253,Bella,Lusher,42,42,172
254,Dell,Spellecy,56,73,146
255,Gearard,Rotherham,52,75,175
256,Bendicty,Grayston,33,40,182
257,Irina,Keating,43,63,161
258,Gasparo,Stapells,56,78,213
259,Devondra,Keningley,42,80,141
260,Bryant,Irce,40,75,162
261,Elora,Cominetti,47,105,135
262,Nonah,Mapham,41,67,186
263,Fidela,Edland,27,71,185
264,Julianna,Headon,47,100,188
265,Marla,Gosker,27,77,167
266,Dinny,Burner,25,69,195
267,Margaretha,Itzhak,50,83,163
268,Olympie,Popham,40,99,176
269,Andrea,Milley,31,66,173
270,Lewie,Riolfi,48,73,163
271,Sharleen,Virgo,38,55,178
272,Andree,Emlen,57,54,143
273,Clim,Penquet,72,71,209
274,Cybil,Groocock,47,48,172
275,Freddie,Tattersill,52,77,170
276,Fedora,Spenton,28,67,189
277,Arlen,Yitshak,61,76,185
278,Jedd,Deplacido,48,75,145
279,Irita,Parramore,65,69,192
280,Mitch,Jann,39,34,163
281,Allx,Cullimore,37,57,156
282,Hester,Huxstep,66,67,169
283,Cora,Nisen,39,68,153
284,Ellene,Aindriu,51,58,169
285,Rupert,Kleuer,50,67,206
286,Iormina,Conner,45,80,147
287,Harv,Beardall,49,66,159
288,Phillipp,Brims,36,28,183
289,Andre,Guess,36,88,142
290,Charin,Scudder,37,47,181
291,Lynelle,Pasticznyk,25,72,169
292,Zora,Marran,37,72,168
293,Jaine,Cardenas,63,59,180
294,Melisandra,Dowry,34,70,180
295,Bertina,Shelp,57,62,159
296,Gianni,McClenaghan,37,53,188
297,Rachael,Zanetto,43,67,181
298,Ferdinande,de Juares,56,110,175
299,Dulcy,Heberden,41,79,203
300,Roberto,Domegan,60,56,190
301,Rodger,Trodler,33,53,174
302,Ladonna,Standen,52,116,176
303,Gannon,Sheldrake,59,121,169
304,Levon,Febvre,43,92,173
305,Jedediah,Handyside,43,81,153
306,Vonni,Pressman,53,66,195
307,Maurizio,Fitter,33,83,185
308,Merrel,Ahrens,40,63,186
309,Rollie,Jakes,57,52,172
310,Rebecca,Tookey,62,92,170
311,Freida,Mallan,12,106,211
312,Happy,Ralph,41,115,164
313,Ambrosio,Flanagan,55,68,170
314,Cece,Scay,69,84,186
315,Vanni,Ewence,57,49,226
316,Jada,Fisher,48,71,147
317,Marketa,Hamments,22,89,157
318,Al,Pitchford,60,68,178
319,Jed,Aylett,44,68,174
320,Berte,Nobbs,27,86,176
321,Harcourt,Leyden,40,78,125
322,Devy,Moylane,12,76,192
323,Gusella,Tabram,40,62,215
324,Leisha,Meckiff,42,42,179
325,Enid,Dallin,34,113,150
326,Brockie,Alfonsetto,35,74,212
327,Torie,Fellona,18,42,194
328,Madelon,Del Checolo,23,90,150
329,Marthena,Sandell,47,27,177
330,Maje,Brailsford,51,49,153
331,Myranda,Dakhov,49,74,150
332,Abbot,Navarre,54,76,161
333,Jody,Farlane,31,94,171
334,Alysia,Anning,64,90,157
335,Estelle,Aldhous,53,65,166
336,Sophie,Blacksell,26,94,158
337,Auberta,Matiebe,41,81,178
338,Sandi,Cooley,56,85,165
339,Keith,Hodgin,53,98,161
340,Basilius,Adelsberg,37,56,168
341,Lucio,Bereford,36,100,182
342,Francyne,Buttrick,50,109,163
343,Horatio,Alliott,45,71,109
344,Bess,Chance,48,82,167
345,Albrecht,Heal,32,95,194
346,Ky,Meates,34,71,161
347,Lanette,Grinstead,40,72,178
348,Dehlia,Kellet,56,79,179
349,Raffarty,McKibbin,53,82,196
350,Stanford,Temprell,48,68,141
351,Boony,Alderwick,69,58,168
352,Lee,Ladbrook,27,80,167
353,Charmian,MacLucais,36,43,153
354,Murial,Crosser,43,47,181
355,Dennis,Duckitt,47,105,190
356,Rosanne,Norville,49,74,178
357,Elisha,Wasling,46,100,181
358,Hieronymus,Hansom,36,57,173
359,Mariska,Trynor,46,50,183
360,Mayne,Berryman,33,82,134
361,Cale,Speare,48,48,174
362,Phelia,Maddyson,29,73,164
363,Aldric,Findley,43,106,183
364,Davidson,Lourenco,45,101,144
365,Guenevere,Coulsen,64,100,154
366,Damien,Lowy,2,61,168
367,Amos,Hankinson,26,74,165
368,Rosemonde,De Hailes,19,4,158
369,Vladimir,Kubacki,42,90,142
370,Mollie,McTeague,44,66,125
371,Debby,Glasspool,23,55,174
372,Blanch,Jiruca,43,59,167
373,Harcourt,Tavernor,63,73,216
374,Lennie,Kubicek,29,48,184
375,Sadella,McNysche,41,61,160
376,Rees,Greenhouse,31,76,165
377,Rhona,Edworthye,62,83,127
378,Matthus,Fairleigh,32,112,185
379,Nicolas,Scoterbosh,33,48,227
380,Catie,Gelly,63,67,141
381,Lorrayne,Larcombe,22,44,175
382,Francoise,Zannuto,6,74,141
383,Quinlan,Vost,78,66,227
384,Judah,Lernihan,20,72,167
385,Jennie,Molyneaux,80,43,158
386,Jud,Friese,30,75,170
387,Renaldo,Kingsnorth,60,68,153
388,Alikee,Kindell,19,56,161
389,Susan,Blandford,61,88,172
390,Susanne,Hurst,37,57,170
391,Ryann,McCurtain,44,91,180
392,Legra,Oloshkin,60,95,164
393,Elsinore,Blunkett,56,65,151
394,Esther,Masterman,83,81,132
395,Leonidas,Haensel,78,82,140
396,Susi,Bellam,58,71,189
397,Cordy,Domenget,49,80,176
398,Egbert,Lorand,40,63,176
399,Delano,Been,40,56,136
400,Noland,Ibbison,28,62,139
401,Clayborne,Ibbotson,61,72,169
402,Alfred,Cubberley,42,85,174
403,Damaris,Ivannikov,51,64,201
404,Luisa,Adess,39,101,188
405,Harrison,Pearmain,66,87,163
406,Cindi,Fellow,40,47,144
407,Auguste,Roust,54,93,191
408,Nanon,McMickan,42,72,193
409,Polly,Mayhew,46,90,186
410,Nanine,Vine,39,67,190
411,Suki,Waples,57,52,139
412,Rosita,Scini,58,83,152
413,Cyndie,Fitzsymons,51,112,180
414,Bev,McVaugh,64,53,154
415,Orsola,O'Hare,28,38,165
416,Nealon,Chesher,33,112,164
417,Dori,Linke,48,65,149
418,Clark,Pieter,28,89,197
419,Merrill,Carlaw,24,66,219
420,Selma,Kneesha,42,70,154
421,Chrissie,Brou,51,86,174
422,Consolata,Marchent,54,69,149
423,Yoshiko,Frentz,76,86,156
424,Ernaline,Zorro,43,55,171
425,Ahmad,Huggard,43,63,160
426,Che,Imison,45,78,151
427,Jessica,Summers,21,70,128
428,Ameline,Haddick,38,67,151
429,Sherill,Gossage,75,99,153
430,Wyn,Bapty,37,62,158
431,Gilberta,Demko,44,40,205
432,Sybilla,Snowding,62,104,162
433,Mahala,Joddins,47,67,134
434,Celestyn,Burgin,48,59,161
435,Bartholomeus,O'Carroll,22,29,169
436,Kristen,Amiss,60,74,172
437,Dannye,Blaxall,32,56,184
438,Lindsey,Points,32,25,163
439,Gilberte,Glashby,49,67,203
440,Marty,Gaydon,67,55,169
441,Rubetta,Kelsey,34,62,206
442,Clerkclaude,McCreary,67,89,180
443,Beth,Grabham,40,38,153
444,Theresita,Showt,39,66,154
445,Torey,Box,55,49,161
446,Rae,Cantrill,50,77,213
447,Marcia,Bodleigh,48,72,205
448,Dillon,Gehrtz,65,70,181
449,Huntley,Boule,45,51,155
450,Dodie,Dorey,48,27,130
451,Griffith,Radbond,16,52,162
452,Aile,Butting,51,39,138
453,Eduardo,Adriaens,21,76,163
454,Goldia,Trustrie,55,68,142
455,Culver,Klimov,30,76,180
456,Ives,Greenan,55,63,147
457,Odo,Gayton,43,80,160
458,Gertrudis,Karslake,18,79,155
459,Ruthy,Shilstone,14,74,160
460,Colver,Swepstone,37,45,162
461,Ikey,Barnsdale,58,59,177
462,Ancell,MacKeeg,54,86,163
463,Calv,Trusdale,31,59,169
464,Traci,Cluelow,46,82,160
465,Conan,Dudney,50,44,188
466,Anabelle,Dibley,27,69,189
467,Noelle,Empson,58,51,184
468,Lotty,Salaman,67,59,168
469,Graeme,McLenaghan,12,75,167
470,Uriel,Pitrasso,54,58,179
471,Phebe,Moehler,46,76,147
472,Homerus,Sybe,33,38,161
473,Giacomo,Lufkin,52,68,160
474,Karina,Adamowitz,40,37,200
475,Rex,Arundel,56,56,186
476,Floris,Skelding,67,35,163
477,Janaye,Temblett,87,57,161
478,Forester,Woodlands,28,69,151
479,Becki,Lodford,54,71,154
480,Michaeline,Conford,38,89,161
481,Ernie,Nardi,65,85,176
482,Ketti,Druce,65,87,179
483,Millicent,Krollman,29,56,161
484,Zolly,Cawsy,34,82,115
485,Caitlin,Slessar,77,95,188
486,Zechariah,Bottell,32,90,176
487,Drake,Emmet,54,66,159
488,Valeria,Killough,53,94,135
489,Albrecht,Borgesio,31,38,156
490,Lemuel,Schule,55,64,186
491,Scarlet,Silvers,42,78,182
492,Goran,Blasing,20,57,186
493,Lanni,Rubenfeld,67,112,194
494,Sibylla,Freshwater,45,125,169
495,Teodorico,Beachem,56,84,160
496,Ranee,Van Arsdall,28,48,174
497,Fey,McCall,54,76,146
498,Averil,Bernardo,66,72,209
499,Mateo,Whitman,38,71,178
500,Kikelia,Corderoy,50,36,230
501,Muriel,Kleine,54,51,192
502,Parry,Caron,43,85,144
503,Valene,Raymont,58,68,125
504,Issy,Lathey,43,52,167
505,Lurette,Lewing,71,74,184
506,Ira,Ashdown,34,38,188
507,Selie,Byrnes,32,53,142
508,Rustin,Ginnell,57,92,181
509,Amalee,Hinemoor,33,51,198
510,Ripley,Perillio,61,27,175
511,Marcus,Skeech,54,91,132
512,Nertie,Percy,42,78,200
513,Scottie,Tombleson,50,88,171
514,Gabriel,Dressel,29,63,172
515,Ursa,Treadway,53,84,151
516,Adelice,MacGray,44,56,128
517,Giffard,Normington,15,87,159
518,Karim,Margerison,43,60,186
519,Tally,Aps,48,69,186
520,Julissa,Starbeck,42,83,181
521,Prudy,Allmark,49,58,190
522,Isidoro,Ghion,38,51,191
523,Joela,Fenne,44,69,153
524,Jordain,Wrathmell,46,56,161
525,Orlan,MacLaig,42,66,195
526,Ephrayim,Guiden,41,52,178
527,Thaine,Tatam,9,104,190
528,Brandon,Tuckwood,30,84,173
529,Lura,Di Lucia,33,77,163
530,Yule,Shillitoe,40,67,152
531,Rianon,Hawking,58,55,206
532,Aurea,Beslier,54,65,158
533,Cesaro,Newark,56,54,177
534,Tonnie,Franies,56,73,167
535,Lazarus,Bowller,54,42,195
536,Gwyn,Wildman,54,69,121
537,Dimitry,Brocklesby,60,71,171
538,Clarabelle,Rey,30,66,152
539,Cosetta,Tweedle,54,73,169
540,Dame,Royden,26,43,172
541,Melany,Janas,47,45,192
542,Malory,Bampkin,54,89,150
543,Yulma,Pocke,42,86,108
544,Gradeigh,Shade,37,78,169
545,Tanya,Underwood,56,84,192
546,Hildagarde,Cretney,37,92,174
547,Coralie,Semble,34,76,185
548,Dewie,Jencey,58,70,181
549,Antoni,Dugget,35,86,172
550,Tobi,Gritskov,49,59,185
551,Fee,Olivari,40,72,171
552,Pru,Yexley,63,74,143
553,Inness,Scampion,62,79,175
554,Robinia,Coan,55,88,170
555,Clim,Baudacci,52,82,178
556,Carly,Knuckles,45,60,148
557,Roxi,Sperrett,58,68,165
558,Nanice,Ceschelli,38,76,165
559,Theodoric,Reap,14,50,189
560,Stephenie,Minerdo,32,16,178
561,Steffen,Oughtright,58,72,183
562,Tucker,MacFarlane,53,121,186
563,Meta,Corwin,28,78,191
564,Devora,Turn,42,99,177
565,Cherye,Batterham,46,51,141
566,Ferne,Allgood,24,70,154
567,Christie,Klemt,84,40,174
568,Seamus,Trickett,42,41,152
569,Durand,Banaszkiewicz,37,72,158
570,Karlis,Umbert,52,21,179
571,Cordy,Barwick,23,65,175
572,Zsazsa,Venn,33,102,152
573,Emanuel,Swiffen,53,57,162
574,Quinton,Larraway,48,71,163
575,Toinette,Mabson,26,63,181
576,Reina,Yesichev,16,114,142
577,Tallulah,Dykas,8,74,169
578,Merell,Burgoine,39,85,182
579,Cyndia,Sine,56,70,187
580,Laurena,Vannacci,46,70,175
581,Morty,Fagence,40,105,171
582,Fawn,Mathias,45,37,198
583,Isacco,McKomb,56,54,188
584,Austin,Castagnasso,41,80,183
585,Sherwood,Lanfer,30,86,146
586,Ripley,Djurdjevic,53,47,167
587,Jaime,Yanshinov,83,59,153
588,Hailee,Glendzer,52,100,155
589,Kayley,Castillon,32,88,163
590,Moore,Mewes,47,89,152
591,Florina,Caines,64,57,156
592,Banky,O'Murtagh,46,77,164
593,Charmain,Oby,48,51,194
594,Andromache,Tidd,42,31,144
595,Cale,Pigram,44,77,133
596,Ronica,Jerams,37,59,183
597,Brunhilda,Buttler,79,22,180
598,Lucais,O' Ronan,44,63,151
599,Christa,Carlo,35,64,199
600,Pier,Wellum,33,89,187
601,Hayes,McSharry,64,102,176
602,Lexi,Chataignier,24,79,176
603,Egor,Yitzowitz,22,57,197
604,Tarra,Giddons,23,109,179
605,Lanette,Prosh,44,54,187
606,Dallas,Talton,56,91,169
607,Doralynne,Augustine,43,100,160
608,Jonis,Delatour,67,87,219
609,Luis,Birkwood,48,57,181
610,Orsola,Finicj,70,50,170
611,Tallie,Hizir,40,67,175
612,Yoshiko,Benz,33,76,133
613,Cathrine,Pashenkov,42,90,132
614,Thedric,Keyser,64,54,190
615,Jerry,Levens,33,54,195
616,Maggy,Belliard,42,78,111
617,Bentlee,Markwick,29,39,149
618,Freddi,Trolley,54,56,153
619,Ottilie,Putten,66,75,189
620,Alla,Snowman,32,71,169
621,Glad,Billows,28,69,175
622,Farrel,Freeburn,36,83,118
623,Dani,Whyberd,56,65,141
624,Hamlen,Phettis,67,59,219
625,Dorrie,Jenik,39,68,176
626,Agata,Thalmann,65,75,165
627,Cammy,Chong,43,100,148
628,Had,MacDowal,41,69,130
629,Ancell,Belone,33,51,171
630,Gannie,Schuh,60,112,165
631,Corbett,McGhee,58,93,172
632,Rubi,Moncreiffe,49,41,178
633,Jo-anne,Carvill,38,107,199
634,Nyssa,Akett,42,72,172
635,Estell,Woolmer,25,92,134
636,Elvyn,Tithacott,31,60,146
637,Danica,Beckson,32,92,149
638,Adelind,Oneil,27,33,173
639,Ursala,Gwyther,35,72,165
640,Mavis,Tebald,21,54,167
641,Shandee,Blaisdell,44,78,156
642,Olivette,Packe,76,79,131
643,Caresse,Barthot,55,80,153
644,Darrel,Dunthorne,13,70,164
645,Erik,Oman,35,45,201
646,Deidre,Ladbury,22,43,176
647,Corina,Alam,44,81,176
648,Annamaria,Trippick,53,34,169
649,Charmaine,Lester,38,115,182
650,Luciana,Marti,30,95,154
651,Davina,Soles,29,46,134
652,Garreth,Threadgall,33,99,144
653,Ryley,Sumnall,53,50,181
654,Wallis,Broose,24,78,141
655,Chandal,Siggs,41,40,164
656,Letisha,Rochford,37,72,174
657,Byron,Verchambre,59,107,166
658,Amalita,Basire,33,101,183
659,Estevan,Foulcher,63,54,139
660,Reinhold,Stubbings,52,83,145
661,Mommy,Zoephel,50,100,175
662,Marcel,Clemon,37,56,230
663,Morgen,Pountain,39,73,174
664,Rock,Collingridge,66,54,146
665,Reta,Jaqueme,37,15,178
666,Gonzalo,Leif,48,38,160
667,Grayce,Vivian,51,57,194
668,Min,Rosenbush,31,81,198
669,Noach,Ambrodi,31,48,174
670,Sergei,Zavittieri,58,65,188
671,Cobb,Aucutt,50,50,193
672,Desmund,Norkutt,58,58,180
673,Blane,Van Oort,71,80,176
674,Cynthea,Grinov,46,71,193
675,Alysa,Kippling,66,84,172
676,Remington,Palke,56,80,165
677,Jorey,Rafferty,24,59,157
678,Mackenzie,Gaynsford,27,60,192
679,Gill,Punshon,61,108,142
680,Deanne,Frostdyke,69,43,192
681,Kassey,Olphert,35,88,173
682,Nance,Arter,59,87,218
683,Lisbeth,Bagott,44,51,153
684,Salome,Rawlinson,55,92,142
685,Wood,Farish,30,90,163
686,Cyrille,Lygoe,10,99,159
687,Ambrosi,Denison,29,51,168
688,Misha,Joint,37,59,174
689,Mervin,Halladey,79,82,178
690,Stephenie,Dahlborg,51,111,193
691,Jolee,Walkden,57,58,200
692,Willy,Markey,45,112,167
693,Verney,Kuhndel,55,56,179
694,Ferdie,Lomasny,21,121,146
695,Kathleen,Woodfine,26,49,162
696,Iona,Stockney,43,37,170
697,Erica,Thornthwaite,45,54,146
698,Ozzie,Antcliffe,62,39,146
699,Armstrong,Rockingham,37,64,153
700,Sonni,Tatton,54,113,193
701,Isadore,Eloy,36,58,166
702,Emelina,Kildahl,53,109,171
703,Shirl,Sloper,23,52,213
704,Haze,Hollingdale,78,78,204
705,Rici,Bautiste,46,70,211
706,Nicol,Simanek,36,80,177
707,Ferdy,Maria,45,15,184
708,Charity,Alphege,37,106,185
709,Kenna,Tolomelli,43,75,187
710,Anallise,Asbury,24,54,152
711,Bartie,Hudd,51,101,174
712,Valencia,Joontjes,46,63,199
713,Clerissa,Whaymand,59,57,167
714,Gary,Falkus,61,100,177
715,Clovis,Olive,56,71,127
716,Reiko,Stanners,68,55,167
717,Jarvis,Lowle,39,48,155
718,Sallee,Roelofsen,41,55,178
719,Dwain,Tofts,57,81,162
720,Rooney,Anchor,27,84,147
721,Danni,McGuiney,55,56,174
722,Elga,Sanday,51,43,182
723,Lannie,Lehrle,54,52,161
724,Christy,Coulton,48,78,168
725,Dael,Di Franceshci,63,63,178
726,Raynard,Macvey,22,57,157
727,Shandeigh,Spikins,83,64,172
728,Ronnica,Topes,41,71,204
729,Karee,Scryne,59,29,113
730,Oby,Reary,40,95,185
731,Jock,Skypp,30,69,172
732,Caty,Nuscha,28,99,161
733,Raimund,McNea,46,79,156
734,Don,Sturgess,22,63,150
735,Giraud,Kimble,42,64,196
736,Della,Scramage,40,84,168
737,Elga,Klosser,59,106,142
738,Saundra,Desmond,20,51,166
739,Lita,Kilbride,41,58,156
740,Millicent,Giblin,44,116,191
741,Denise,O'Neil,58,88,156
742,Gil,Gasnoll,59,45,154
743,Shela,Spreag,50,76,200
744,Daniella,Jaquemar,52,65,151
745,Son,Dominique,31,79,186
746,Kilian,Aksell,57,69,209
747,Juline,Teligin,53,78,171
748,Douglass,Poynser,48,83,229
749,Felicle,Tristram,29,47,133
750,Siegfried,Need,53,62,180
751,Elton,Gingell,30,70,150
752,Abe,Collicott,37,60,162
753,Rustie,Muglestone,46,102,166
754,Von,Shere,65,86,156
755,Brien,Attrie,41,74,191
756,Elie,Gladwell,34,62,198
757,Ray,Oakman,64,88,182
758,Pamelina,Grigor,47,83,191
759,Pooh,Northey,45,68,178
760,Adeline,Peet,53,60,176
761,Maris,Petkov,53,52,136
762,Ebeneser,Pedrocchi,49,64,176
763,Glynis,Sinott,28,85,196
764,Kevyn,Kaine,58,69,145
765,Henderson,Greep,33,53,163
766,Idaline,Kolakowski,65,54,194
767,Bart,Dunthorne,39,58,164
768,Ardisj,Gibling,42,77,178
769,Jacques,Critoph,43,81,173
770,Richy,Brick,61,54,158
771,Scottie,Vanezis,55,42,171
772,Tristam,Whitebread,42,71,196
773,Keane,Renol,29,86,180
774,Darrel,Balassi,58,38,178
775,Britteny,Dalwood,60,84,212
776,Alastair,Pinar,29,69,167
777,Ondrea,Reinard,52,71,228
778,Alic,Noar,40,73,171
779,Tally,Philpots,49,102,158
780,Allison,Kures,55,58,154
781,Guenevere,McDill,37,63,190
782,Delila,MacColl,21,72,181
783,Ethelda,Cozby,71,64,126
784,Wilone,Stroulger,66,85,162
785,Massimo,De Vuyst,62,66,176
786,Delaney,Braidley,70,85,191
787,Harli,Caroline,34,70,173
788,Tasia,Pennetti,53,72,207
789,Aguie,Menat,45,63,176
790,Tanney,Gallacher,63,75,169
791,Chrissie,Malimoe,54,36,141
792,Baudoin,Knappen,39,83,178
793,Meade,Milverton,39,81,177
794,Sallie,Messer,60,74,133
795,Remus,Lishmund,33,76,182
796,Janey,Briar,62,41,152
797,Bobbe,Kinnock,47,70,175
798,Zebulon,Licciardello,24,54,155
799,Mattias,Rapkins,53,33,148
800,Simon,Sesser,36,80,187
801,Taffy,Chamberlayne,58,66,169
802,Philis,Crabtree,35,79,173
803,Danika,Kubes,41,89,194
804,Ryley,Jeanel,38,49,163
805,Beverlie,Kienlein,43,81,203
806,Corenda,Laugherane,46,66,191
807,Sallyann,Sapena,37,82,190
808,Quentin,Esser,41,37,168
809,Kipper,Ratke,34,96,177
810,Donnamarie,Snoday,17,86,171
811,Randal,Kanzler,51,58,155
812,Linell,Colton,41,79,193
813,Francyne,Miere,40,87,149
814,Hunter,Earp,49,46,218
815,Richard,Flay,33,71,150
816,Ynez,Geggie,43,40,166
817,Latashia,McPolin,27,38,183
818,Pip,Szepe,33,66,182
819,Conant,McNickle,42,58,216
820,Filberto,Dytham,44,58,186
821,Shanda,MacBean,48,84,162
822,Claiborn,Devenport,48,86,182
823,Angelia,Grieve,33,22,197
824,Tomkin,Bockler,20,99,160
825,Alyosha,Greenfield,-1,90,192
826,Zachery,Wilcocks,44,42,195
827,George,Earlam,30,19,190
828,Obed,Hourstan,48,64,152
829,Rudiger,Kumar,41,25,136
830,Claire,Phelit,29,71,165
831,Justino,Fursse,64,68,129
832,Austine,O'Neal,50,107,187
833,Sheelah,Beidebeke,52,62,152
834,Graeme,Stihl,73,67,119
835,Beniamino,Crosbie,30,95,182
836,Eddi,Kittoe,47,58,153
837,Elysee,MacKettrick,27,53,161
838,Charity,Cymper,49,52,182
839,Giacopo,Catherine,43,85,214
840,Eldon,Culpan,3,94,161
841,Artus,Blanc,61,98,178
842,Fionna,Rowberry,60,57,158
843,Boonie,Hodges,16,44,176
844,Kim,Siddens,31,120,182
845,Ilaire,Kennon,60,61,151
846,Wait,Broadbear,28,82,154
847,Milissent,Armfield,43,77,186
848,Ezra,Beade,48,74,161
849,Tore,Ebben,68,77,188
850,Valencia,Blaksland,23,71,192
851,Benjy,Moffet,60,40,167
852,Raoul,Bennitt,33,59,185
853,Sigrid,Bartlam,36,82,147
854,Winfred,Sighard,34,60,155
855,Clair,Elie,49,78,166
856,Koressa,Ormonde,46,33,195
857,Lucien,Schusterl,60,85,156
858,Franny,Labell,38,69,174
859,Audrye,Cardow,45,59,170
860,Isiahi,Burnie,56,101,167
861,Claudia,Ipsly,32,86,138
862,Teena,Lettley,54,68,175
863,Any,Andrieu,53,79,172
864,Lyman,Chellingworth,57,95,144
865,Shari,Signori,52,81,194
866,Syd,Willgoss,16,76,183
867,Willow,Gertray,45,58,185
868,Zandra,Hatter,78,52,168
869,Joyous,Bamlet,46,79,145
870,Jen,Edworthye,67,61,185
871,Hester,Hadland,55,55,156
872,Moritz,Pasby,27,97,167
873,Audrye,Vossgen,37,96,188
874,Allianora,Leijs,35,127,176
875,Jenni,Pluck,40,48,171
876,Eldon,Lowder,18,54,144
877,Fanechka,Goschalk,54,55,150
878,Bibbie,Wetherick,33,92,172
879,Alasdair,Sharp,64,76,187
880,Wakefield,Kemmons,34,38,157
881,Wallie,Wrighton,40,25,154
882,Jamal,Heffron,39,49,167
883,Natividad,Galley,45,19,181
884,Colan,Ilyushkin,25,46,172
885,Edgard,Moses,54,68,191
886,Klara,Grose,34,62,169
887,Alfy,Larrad,65,67,125
888,Davy,Goodsir,37,67,181
889,Samaria,Mease,25,91,170
890,Keelby,Andreia,60,60,174
891,Birdie,Rittelmeyer,52,89,189
892,Adrienne,Elsey,31,63,175
893,Darwin,Kerford,59,71,207
894,Martie,Senecaut,23,69,164
895,Jobina,Sansam,35,83,176
896,Kelvin,Edgcombe,37,113,155
897,Booth,Maycock,20,68,144
898,Deb,Clerke,47,27,186
899,Brandy,Hutchens,56,54,148
900,Carrol,Bothams,39,105,197
901,Liva,Redding,54,68,167
902,Riobard,Seres,68,79,171
903,Malvina,Wicken,67,39,174
904,Fredek,Winckworth,62,83,166
905,Nelly,Twelvetree,48,53,188
906,Marijo,Blackaller,31,59,121
907,Donavon,Beauchamp,35,87,173
908,Sharron,St. Ledger,41,66,177
909,Brita,Brundrett,60,60,158
910,Renault,Jouhan,67,79,174
911,Clarke,Luckings,36,62,182
912,Dav,Stivani,-6,61,177
913,Tanya,Christopherson,61,51,140
914,Theodore,Kirsch,43,61,175
915,Nolana,Urlich,32,50,167
916,Laetitia,Bagley,16,71,162
917,Gordon,Pidgeley,49,67,159
918,Sterne,Errowe,23,52,153
919,Catherin,Aggett,35,99,203
920,Consuelo,Tebbs,47,61,166
921,Valeda,Pexton,47,76,135
922,Towny,Greiser,40,29,148
923,Dorolisa,Franzewitch,34,39,178
924,Bern,Tidbold,43,106,186
925,Donni,Cocklie,45,88,187
926,Tyrus,Dymond,29,61,179
927,Jemimah,Lathaye,56,82,156
928,Dael,Ragdale,32,61,167
929,Marlyn,Moorwood,58,77,181
930,Pauli,Stocken,52,114,184
931,Paula,Kment,48,86,126
932,Elisabeth,Connochie,32,57,168
933,Tedd,MacAlinden,49,77,229
934,Brier,Vasiljevic,40,79,158
935,Lalo,Tracy,53,68,150
936,Mannie,Stuffins,42,52,169
937,Gilemette,Abrahamovitz,21,59,176
938,Abby,Bamling,49,86,212
939,Jacquenette,Ollivier,32,48,191
940,Hayley,Hain,42,76,177
941,Terry,Gurery,29,56,161
942,Jordanna,St Pierre,55,63,174
943,Lorrie,Rudman,41,59,165
944,Annelise,McNysche,36,83,138
945,Martita,OIlier,34,60,180
946,Katya,Acomb,43,59,185
947,Sven,Whyberd,51,64,181
948,Liva,Matveichev,34,88,181
949,Conrad,Minchinton,34,68,168
950,Abbi,Winspear,65,92,179
951,Penelope,Vecard,32,79,169
952,Vivianna,Picken,37,96,116
953,Joleen,Polycote,53,128,199
954,Shandeigh,Starcks,46,69,203
955,Dulcy,Essery,35,67,142
956,Frank,Bradick,41,72,176
957,Fernanda,MacComiskey,43,43,162
958,Juditha,Sangster,59,61,180
959,Dru,McGillecole,40,90,181
960,Cherianne,Mingay,55,103,145
961,Ingmar,Wilshin,34,63,149
962,Monroe,Jack,50,85,155
963,Francine,Philliphs,35,57,180
964,Celinda,Stoaks,50,56,176
965,Fielding,Smewin,55,47,166
966,Kellia,Le Page,34,112,182
967,Alicia,Paulo,49,96,136
968,Hilda,Schimmang,32,81,223
969,Jedd,Starten,61,99,162
970,Livy,Danelet,20,59,166
971,Ches,Brislane,43,99,170
972,Juanita,Slack,30,73,198
973,Nert,Tomankiewicz,37,44,187
974,Val,Vinnicombe,49,92,168
975,Kordula,Rubery,42,71,142
976,Tybalt,Samworth,45,104,120
977,Bessie,Meakes,65,68,204
978,Euphemia,Caunce,39,58,153
979,Sula,Callam,52,80,135
980,Warde,Ruggieri,64,107,159
981,Cherilynn,Citrine,38,61,141
982,Arlyne,Helbeck,68,43,148
983,Desiri,Twinbourne,52,63,196
984,Haskell,Ferrolli,55,56,173
985,Randell,Braxton,45,63,183
986,Leta,Middlemiss,55,85,167
987,Marna,Fricke,35,18,214
988,Ware,Dutch,25,79,146
989,Dulsea,Guidi,32,66,160
990,Piggy,Leinthall,38,63,163
991,Roseline,Osboldstone,37,69,194
992,Louisette,Seymer,51,75,180
993,Reinaldo,Hulke,27,59,131
994,Jared,Peare,54,86,196
995,Becky,Gager,53,102,178
996,Lorenza,Kettle,29,51,171
997,Celinda,Caherny,75,55,153
998,Cally,De La Haye,49,55,162
999,Kendell,Bodemeaid,55,70,168
1000,Gaynor,Mouat,20,44,156
